{"geometry":"skinpacks\/skins.json","skins":[{"localization_name":"skin1","geometry":"geometry.humanoid.custom","texture":"Cảnh_1.png","type":"free"},{"localization_name":"skin2","geometry":"geometry.humanoid.custom","texture":"Cảnh_2.png","type":"free"},{"localization_name":"skin3","geometry":"geometry.humanoid.custom","texture":"_Cảnh_3.png","type":"free"},{"localization_name":"skin4","geometry":"geometry.humanoid.custom","texture":"Cảnh_4.png","type":"free"},{"localization_name":"skin5","geometry":"geometry.humanoid.custom","texture":"Cảnh_Final.png","type":"free"}],"serialize_name":"Scenes_skin","localization_name":"Scenes_skin"}